film_id,title,release_year,language_id,length,rating
1,ACADEMY DINOSAUR,2006,1,86,PG
2,ACE GOLDFINGER,2007,1,48,G
3,ADAPTATION HOLES,2008,1,50,NC-17
4,AFFAIR PREJUDICE,2009,1,117,G
5,AFRICAN EGG,2010,2,130,G
6,AGENT TRUMAN,2011,1,169,PG
7,AIRPLANE SIERRA,2012,2,62,PG-13
8,AIRPORT POLLOCK,2013,1,54,R
9,ALABAMA DEVIL,2014,3,114,PG-13
10,ALADDIN CALENDAR,2015,4,63,NC-17
11,ALAMO VIDEOTAPE,2016,1,126,G
12,ALASKA PHANTOM,2017,5,136,PG
13,ALI FOREVER,2018,3,150,PG
14,ALICE FANTASIA,2019,6,94,NC-17
15,ALIEN CENTER,2020,4,46,NC-17
16,ALLEY EVOLUTION,2006,3,180,NC-17
17,ALONE TRIP,2006,2,82,R
18,ALTER VICTORY,2006,5,57,PG-13
19,AMADEUS HOLY,2006,1,113,PG
20,AMELIE HELLFIGHTERS,2006,1,79,R
21,AMERICAN CIRCUS,2006,1,129,R
22,AMISTAD MIDSUMMER,2006,1,85,G
23,ANACONDA CONFESSIONS,2006,1,92,R
24,ANALYZE HOOSIERS,2006,1,181,R
25,ANGELS LIFE,2006,1,74,G
26,ANNIE IDENTITY,2006,1,86,G
27,ANONYMOUS HUMAN,2006,1,179,NC-17
28,ANTHEM LUKE,2006,1,91,PG-13
29,ANTITRUST TOMATOES,2006,1,168,NC-17
30,ANYTHING SAVANNAH,2006,1,82,R
31,APACHE DIVINE,2006,1,92,NC-17
32,APOCALYPSE FLAMINGOS,2006,3,119,R
33,APOLLO TEEN,2006,4,153,PG-13
34,ARABIA DOGMA,2006,1,62,NC-17
35,ARACHNOPHOBIA ROLLERCOASTER,2006,1,147,PG-13
36,ARGONAUTS TOWN,2006,1,127,PG-13
37,ARIZONA BANG,2006,5,121,PG
38,ARK RIDGEMONT,2006,1,68,NC-17
39,ARMAGEDDON LOST,2006,1,99,G
40,ARMY FLINTSTONES,2006,6,148,R
41,ARSENIC INDEPENDENCE,2006,1,137,PG
42,ARTIST COLDBLOODED,2006,1,170,NC-17
43,ATLANTIS CAUSE,2006,5,170,G
44,ATTACKS HATE,2006,1,113,PG-13
45,ATTRACTION NEWTON,2006,4,83,PG-13
46,AUTUMN CROW,2006,1,108,G
47,BABY HALL,2006,1,153,NC-17
48,BACKLASH UNDEFEATED,2006,3,118,PG-13
49,BADMAN DAWN,2006,1,162,R
50,BAKED CLEOPATRA,2006,2,182,G
51,BALLOON HOMEWARD,2006,1,75,NC-17
52,BALLROOM MOCKINGBIRD,2006,1,173,G
53,BANG KWAI,2006,1,87,NC-17
54,BANGER PINOCCHIO,2006,1,113,R
55,BARBARELLA STREETCAR,2006,1,65,G
56,BAREFOOT MANCHURIAN,2006,2,129,G
57,BASIC EASY,2006,2,90,PG-13
58,BEACH HEARTBREAKERS,2006,2,122,G
59,BEAR GRACELAND,2006,1,160,R
60,BEAST HUNCHBACK,2006,1,89,R
61,BEAUTY GREASE,2006,1,175,G
62,BED HIGHBALL,2006,1,106,NC-17
63,BEDAZZLED MARRIED,2006,1,73,PG
64,BEETHOVEN EXORCIST,2006,1,151,PG-13
65,BEHAVIOR RUNAWAY,2006,1,100,PG
66,BENEATH RUSH,2006,1,53,NC-17
67,BERETS AGENT,2006,1,77,PG-13
68,BETRAYED REAR,2006,1,122,NC-17
69,BEVERLY OUTLAW,2006,1,85,R
70,BIKINI BORROWERS,2006,1,142,NC-17
71,BILKO ANONYMOUS,2006,1,100,PG-13
72,BILL OTHERS,2006,1,93,PG
73,BINGO TALENTED,2006,1,150,PG-13
74,BIRCH ANTITRUST,2006,1,162,PG
75,BIRD INDEPENDENCE,2006,2,163,G
76,BIRDCAGE CASPER,2006,3,103,NC-17
77,BIRDS PERDITION,2006,1,61,G
78,BLACKOUT PRIVATE,2006,1,85,PG
79,BLADE POLISH,2006,4,114,PG-13
80,BLANKET BEVERLY,2006,1,148,G
81,BLINDNESS GUN,2006,1,103,PG-13
82,BLOOD ARGONAUTS,2006,5,71,G
83,BLUES INSTINCT,2006,1,50,G
84,BOILED DARES,2006,6,102,PG
85,BONNIE HOLOCAUST,2006,1,63,G
86,BOOGIE AMELIE,2006,1,121,R
87,BOONDOCK BALLROOM,2006,1,76,NC-17
88,BORN SPINAL,2006,6,179,PG
89,BORROWERS BEDAZZLED,2006,1,63,G
90,BOULEVARD MOB,2006,1,63,R
91,BOUND CHEAPER,2006,6,98,PG
92,BOWFINGER GABLES,2006,1,72,NC-17
93,BRANNIGAN SUNRISE,2006,1,121,PG
94,BRAVEHEART HUMAN,2006,6,176,PG-13
95,BREAKFAST GOLDFINGER,2006,6,123,G
96,BREAKING HOME,2006,1,169,PG-13
97,BRIDE INTRIGUE,2006,6,56,G
98,BRIGHT ENCOUNTERS,2006,5,73,PG-13
99,BRINGING HYSTERICAL,2006,1,136,PG
100,BROOKLYN DESERT,2006,5,161,R
101,BROTHERHOOD BLANKET,2006,1,73,R
102,BUBBLE GROSSE,2007,4,60,R
103,BUCKET BROTHERHOOD,2008,1,133,PG
104,BUGSY SONG,2009,3,119,G
105,BULL SHAWSHANK,2010,1,125,NC-17
106,BULWORTH COMMANDMENTS,2011,2,61,G
107,BUNCH MINDS,2012,1,63,G
108,BUTCH PANTHER,2013,1,67,PG-13
109,BUTTERFLY CHOCOLAT,2014,1,89,G
110,CABIN FLASH,2015,1,53,NC-17
111,CADDYSHACK JEDI,2016,1,52,NC-17
112,CALENDAR GUNFIGHT,2017,1,120,NC-17
113,CALIFORNIA BIRDS,2018,1,75,NC-17
114,CAMELOT VACATION,2019,2,61,NC-17
115,CAMPUS REMEMBER,2020,1,167,R
116,CANDIDATE PERDITION,2006,1,70,R
117,CANDLES GRAPES,2006,2,135,NC-17
118,CANYON STOCK,2006,1,85,R
119,CAPER MOTIONS,2006,1,176,G
120,CARIBBEAN LIBERTY,2006,3,92,NC-17
121,CAROL TEXAS,2006,1,151,PG
122,CARRIE BUNCH,2006,1,114,PG
123,CASABLANCA SUPER,2006,4,85,G
124,CASPER DRAGONFLY,2006,1,163,PG-13
125,CASSIDY WYOMING,2006,5,61,NC-17
126,CASUALTIES ENCINO,2006,1,179,G
127,CAT CONEHEADS,2006,1,112,G
128,CATCH AMISTAD,2006,1,183,G
129,CAUSE DATE,2006,1,179,R
130,CELEBRITY HORN,2006,6,110,PG-13
131,CENTER DINOSAUR,2006,1,152,PG
132,CHAINSAW UPTOWN,2006,1,114,PG
133,CHAMBER ITALIAN,2006,5,117,NC-17
134,CHAMPION FLATLINERS,2006,1,51,PG
135,CHANCE RESURRECTION,2006,1,70,R
136,CHAPLIN LICENSE,2019,5,146,NC-17
137,CHARADE DUFFEL,2019,1,66,PG
138,CHARIOTS CONSPIRACY,2019,5,71,R
139,CHASING FIGHT,2019,5,114,PG
140,CHEAPER CLYDE,2019,5,87,G
141,CHICAGO NORTH,2019,6,185,PG-13
142,CHICKEN HELLFIGHTERS,2019,1,122,PG
143,CHILL LUCK,2019,1,142,PG
144,CHINATOWN GLADIATOR,2019,1,61,PG
145,CHISUM BEHAVIOR,2019,1,124,G
146,CHITTY LOCK,2019,1,107,G
147,CHOCOLAT HARRY,2006,1,101,NC-17
148,CHOCOLATE DUCK,2006,1,132,R
149,CHRISTMAS MOONSHINE,2006,1,150,NC-17
150,CIDER DESIRE,2006,1,101,PG
151,CINCINATTI WHISPERER,2006,1,143,NC-17
152,CIRCUS YOUTH,2006,1,90,PG-13
153,CITIZEN SHREK,2006,1,165,G
154,CLASH FREDDY,2006,1,81,G
155,CLEOPATRA DEVIL,2006,1,150,PG-13
156,CLERKS ANGELS,2006,1,164,G
157,CLOCKWORK PARADISE,2006,1,143,PG-13
158,CLONES PINOCCHIO,2006,1,124,R
159,CLOSER BANG,2006,1,58,R
160,CLUB GRAFFITI,2006,1,65,PG-13
161,CLUE GRAIL,2006,1,70,NC-17
162,CLUELESS BUCKET,2006,1,95,R
163,CLYDE THEORY,2000,1,139,PG-13
164,COAST RAINBOW,2000,1,55,PG
165,COLDBLOODED DARLING,2000,1,70,G
166,COLOR PHILADELPHIA,2000,1,149,G
167,COMA HEAD,2000,1,109,NC-17
168,COMANCHEROS ENEMY,2000,1,67,R
169,COMFORTS RUSH,2000,1,76,NC-17
170,COMMAND DARLING,2000,6,120,PG-13
171,COMMANDMENTS EXPRESS,2000,6,59,R
172,CONEHEADS SMOOCHY,2000,6,112,NC-17
173,CONFESSIONS MAGUIRE,2000,6,65,PG-13
174,CONFIDENTIAL INTERVIEW,2006,6,180,NC-17
175,CONFUSED CANDLES,2006,6,122,PG-13
176,CONGENIALITY QUEST,2006,6,87,PG-13
177,CONNECTICUT TRAMP,2006,6,172,R
178,CONNECTION MICROCOSMOS,2006,6,115,G
179,CONQUERER NUTS,2006,6,173,G
180,CONSPIRACY SPIRIT,2006,6,184,PG-13
181,CONTACT ANONYMOUS,2006,6,166,PG-13
182,CONTROL ANTHEM,2006,6,185,G
183,CONVERSATION DOWNHILL,2006,6,112,R
184,CORE SUIT,2006,6,92,PG-13
185,COWBOY DOOM,2006,6,146,PG
186,CRAFT OUTFIELD,2006,6,64,NC-17
187,CRANES RESERVOIR,2006,6,57,NC-17
188,CRAZY HOME,2006,6,136,PG
189,CREATURES SHAKESPEARE,2006,6,139,NC-17
190,CREEPERS KANE,2006,6,172,NC-17
191,CROOKED FROGMEN,2006,6,143,PG-13
192,CROSSING DIVORCE,2006,6,50,R
193,CROSSROADS CASUALTIES,2006,6,153,G
194,CROW GREASE,2006,6,104,PG
195,CROWDS TELEMARK,2006,6,112,R
196,CRUELTY UNFORGIVEN,2006,6,69,G
197,CRUSADE HONEY,2006,1,112,R
198,CRYSTAL BREAKING,2006,1,184,NC-17
199,CUPBOARD SINNERS,2006,1,56,R
200,CURTAIN VIDEOTAPE,2006,1,133,PG-13
201,CYCLONE FAMILY,2006,1,176,PG
202,DADDY PITTSBURGH,2006,1,161,G
203,DAISY MENAGERIE,2006,1,84,G
204,DALMATIONS SWEDEN,2006,1,106,PG
205,DANCES NONE,2006,1,58,NC-17
206,DANCING FEVER,2006,1,144,G
207,DANGEROUS UPTOWN,2006,1,121,PG
208,DARES PLUTO,2006,1,89,PG-13
209,DARKNESS WAR,2006,1,99,NC-17
210,DARKO DORADO,1995,1,130,NC-17
211,DARLING BREAKING,1995,1,165,PG-13
212,DARN FORRESTER,1995,1,185,G
213,DATE SPEED,1995,1,104,R
214,DAUGHTER MADIGAN,1995,1,59,PG-13
215,DAWN POND,1995,1,57,PG
216,DAY UNFAITHFUL,1995,1,113,G
217,DAZED PUNK,1995,1,120,G
218,DECEIVER BETRAYED,1995,1,122,NC-17
219,DEEP CRUSADE,1995,1,51,PG-13
220,DEER VIRGINIAN,1995,2,106,NC-17
221,DELIVERANCE MULHOLLAND,1996,2,100,R
222,DESERT POSEIDON,1997,2,64,R
223,DESIRE ALIEN,1998,2,76,NC-17
224,DESPERATE TRAINSPOTTING,1999,2,81,G
225,DESTINATION JERK,2000,2,76,PG-13
226,DESTINY SATURDAY,2001,2,56,G
227,DETAILS PACKER,2002,2,88,R
228,DETECTIVE VISION,2003,2,143,PG-13
229,DEVIL DESIRE,2004,2,87,R
230,DIARY PANIC,2005,2,107,G
231,DINOSAUR SECRETARY,2006,2,63,R
232,DIRTY ACE,2007,2,147,NC-17
233,DISCIPLE MOTHER,2008,2,141,PG
234,DISTURBING SCARFACE,2009,2,94,R
235,DIVIDE MONSTER,2010,2,68,PG-13
236,DIVINE RESURRECTION,2011,2,100,R
237,DIVORCE SHINING,2012,2,47,G
238,DOCTOR GRAIL,2013,2,57,G
239,DOGMA FAMILY,2014,2,122,G
240,DOLLS RAGE,2015,2,120,PG-13
241,DONNIE ALLEY,2016,2,125,NC-17
242,DOOM DANCING,2017,2,68,R
243,DOORS PRESIDENT,2018,2,49,NC-17
244,DORADO NOTTING,2019,2,139,NC-17
245,DOUBLE WRATH,2020,2,177,R
246,DOUBTFIRE LABYRINTH,2006,2,154,R
247,DOWNHILL ENOUGH,2006,2,47,G
248,DOZEN LION,2006,2,177,NC-17
249,DRACULA CRYSTAL,2006,2,176,G
250,DRAGON SQUAD,2006,2,170,NC-17
251,DRAGONFLY STRANGERS,2006,2,133,NC-17
252,DREAM PICKUP,2006,2,135,PG
253,DRIFTER COMMANDMENTS,2006,2,61,PG-13
254,DRIVER ANNIE,2006,2,159,PG-13
255,DRIVING POLISH,2006,2,175,NC-17
256,DROP WATERFRONT,2006,2,178,R
257,DRUMLINE CYCLONE,2006,2,110,G
258,DRUMS DYNAMITE,2006,2,96,PG
259,DUCK RACER,2006,2,116,NC-17
260,DUDE BLINDNESS,2006,2,132,G
261,DUFFEL APOCALYPSE,2006,2,171,G
262,DUMBO LUST,2006,1,119,NC-17
263,DURHAM PANKY,2006,1,154,R
264,DWARFS ALTER,2006,1,101,G
265,DYING MAKER,2006,1,168,PG
266,DYNAMITE TARZAN,2006,1,141,PG-13
267,EAGLES PANKY,2006,1,140,NC-17
268,EARLY HOME,2006,1,96,NC-17
269,EARRING INSTINCT,2006,1,98,R
270,EARTH VISION,2006,1,85,NC-17
271,EASY GLADIATOR,2006,1,148,G
272,EDGE KISSING,2006,1,153,NC-17
273,EFFECT GLADIATOR,2006,1,107,PG
274,EGG IGBY,2006,1,67,PG
275,EGYPT TENENBAUMS,1968,1,85,PG
276,ELEMENT FREDDY,1969,1,115,NC-17
277,ELEPHANT TROJAN,1970,1,126,PG-13
278,ELF MURDER,1971,1,155,NC-17
279,ELIZABETH SHANE,1972,1,152,NC-17
280,EMPIRE MALKOVICH,1973,1,177,G
281,ENCINO ELF,1974,1,143,G
282,ENCOUNTERS CURTAIN,1975,1,92,NC-17
283,ENDING CROWDS,1976,1,85,NC-17
284,ENEMY ODDS,1977,1,77,NC-17
285,ENGLISH BULWORTH,1978,1,51,PG-13
286,ENOUGH RAGING,1979,1,158,NC-17
287,ENTRAPMENT SATISFACTION,1980,1,176,R
288,ESCAPE METROPOLIS,1981,1,167,R
289,EVE RESURRECTION,1982,1,66,G
290,EVERYONE CRAFT,1983,1,163,PG
291,EVOLUTION ALTER,1984,1,174,PG-13
292,EXCITEMENT EVE,1985,1,51,G
293,EXORCIST STING,1986,3,167,G
294,EXPECATIONS NATURAL,1987,3,138,PG-13
295,EXPENDABLE STALLION,1988,3,97,PG
296,EXPRESS LONELY,1989,3,178,R
297,EXTRAORDINARY CONQUERER,1990,3,122,G
298,EYES DRIVING,1991,3,172,PG-13
299,FACTORY DRAGON,1992,3,144,PG-13
300,FALCON VOLUME,1993,3,102,PG-13
301,FAMILY SWEET,1994,3,155,R
302,FANTASIA PARK,1995,3,131,G
303,FANTASY TROOPERS,1996,3,58,PG-13
304,FARGO GANDHI,1997,3,130,G
305,FATAL HAUNTED,1998,3,91,PG
306,FEATHERS METAL,1999,3,104,PG-13
307,FELLOWSHIP AUTUMN,2000,3,77,NC-17
308,FERRIS MOTHER,2001,3,142,PG
309,FEUD FROGMEN,2002,3,98,R
310,FEVER EMPIRE,2003,3,158,R
311,FICTION CHRISTMAS,2004,3,72,PG
312,FIDDLER LOST,2005,3,75,R
313,FIDELITY DEVIL,2006,3,118,G
314,FIGHT JAWBREAKER,2007,1,91,R
315,FINDING ANACONDA,2008,1,156,R
316,FIRE WOLVES,2009,1,173,R
317,FIREBALL PHILADELPHIA,2010,1,148,PG
318,FIREHOUSE VIETNAM,2011,1,103,G
319,FISH OPUS,2012,1,125,R
320,FLAMINGOS CONNECTICUT,2013,1,80,PG-13
321,FLASH WARS,2014,1,123,NC-17
322,FLATLINERS KILLER,2015,1,100,G
323,FLIGHT LIES,2016,1,179,R
324,FLINTSTONES HAPPINESS,2017,1,148,PG-13
325,FLOATS GARDEN,2018,1,145,PG-13
326,FLYING HOOK,2019,1,69,NC-17
327,FOOL MOCKINGBIRD,2020,1,158,PG
328,FOREVER CANDIDATE,2006,1,131,NC-17
329,FORREST SONS,2006,1,63,R
330,FORRESTER COMANCHEROS,2006,1,112,NC-17
331,FORWARD TEMPLE,2006,1,90,NC-17
332,FRANKENSTEIN STRANGER,2006,1,159,NC-17
333,FREAKY POCUS,2006,1,126,R
334,FREDDY STORM,2006,1,65,NC-17
335,FREEDOM CLEOPATRA,2006,1,133,PG-13
336,FRENCH HOLIDAY,2006,1,99,PG
337,FRIDA SLIPPER,2006,1,73,R
338,FRISCO FORREST,2006,4,51,PG
339,FROGMEN BREAKING,2006,4,111,R
340,FRONTIER CABIN,2006,4,183,PG-13
341,FROST HEAD,2006,4,82,PG
342,FUGITIVE MAGUIRE,2006,4,83,R
343,FULL FLATLINERS,2006,4,94,PG
344,FURY MURDER,2006,4,178,PG-13
345,GABLES METROPOLIS,1968,4,161,PG
346,GALAXY SWEETHEARTS,1969,4,128,R
347,GAMES BOWFINGER,1970,4,119,PG-13
348,GANDHI KWAI,1971,4,86,PG-13
349,GANGS PRIDE,1972,4,185,PG-13
350,GARDEN ISLAND,1973,4,80,G
351,GASLIGHT CRUSADE,1974,4,106,PG
352,GATHERING CALENDAR,1975,4,176,PG-13
353,GENTLEMEN STAGE,1976,4,125,NC-17
354,GHOST GROUNDHOG,1977,1,85,G
355,GHOSTBUSTERS ELF,1978,1,101,R
356,GIANT TROOPERS,1979,1,102,R
357,GILBERT PELICAN,1980,1,114,G
358,GILMORE BOILED,1981,1,163,R
359,GLADIATOR WESTWARD,1982,1,173,PG
360,GLASS DYING,1983,1,103,G
361,GLEAMING JAWBREAKER,1984,1,89,NC-17
362,GLORY TRACY,1985,1,115,PG-13
363,GO PURPLE,1986,1,54,R
364,GODFATHER DIARY,1987,1,73,NC-17
365,GOLD RIVER,1988,1,154,R
366,GOLDFINGER SENSIBILITY,1989,1,93,G
367,GOLDMINE TYCOON,1990,1,153,R
368,GONE TROUBLE,1991,1,84,R
369,GOODFELLAS SALUTE,1992,1,56,PG
370,GORGEOUS BINGO,1993,1,108,R
371,GOSFORD DONNIE,1994,1,129,G
372,GRACELAND DYNAMITE,1995,1,140,R
373,GRADUATE LORD,1996,1,156,G
374,GRAFFITI LOVE,1997,1,117,PG
375,GRAIL FRANKENSTEIN,1998,1,85,NC-17
376,GRAPES FURY,1999,1,155,G
377,GREASE YOUTH,2000,1,135,G
378,GREATEST NORTH,2001,1,93,NC-17
379,GREEDY ROOTS,2002,1,166,R
380,GREEK EVERYONE,2003,1,176,PG
381,GRINCH MASSAGE,2004,1,150,R
382,GRIT CLOCKWORK,2005,1,137,PG
383,GROOVE FICTION,2006,1,111,NC-17
384,GROSSE WONDERFUL,2007,1,49,R
385,GROUNDHOG UNCUT,2008,1,139,PG-13
386,GUMP DATE,2009,1,53,NC-17
387,GUN BONNIE,2010,1,100,G
388,GUNFIGHT MOON,2011,1,70,NC-17
389,GUNFIGHTER MUSSOLINI,2012,1,127,PG-13
390,GUYS FALCON,2013,1,84,R
391,HALF OUTFIELD,2014,1,146,PG-13
392,HALL CASSIDY,2015,1,51,NC-17
393,HALLOWEEN NUTS,2016,1,47,PG-13
394,HAMLET WISDOM,2017,1,146,R
395,HANDICAP BOONDOCK,2018,1,108,R
396,HANGING DEEP,2019,1,62,G
397,HANKY OCTOBER,2020,1,107,NC-17
398,HANOVER GALAXY,2006,1,47,NC-17
399,HAPPINESS UNITED,2006,1,100,G
400,HARDLY ROBBERS,2006,1,72,R
401,HAROLD FRENCH,2006,6,168,NC-17
402,HARPER DYING,2006,6,52,G
403,HARRY IDAHO,2006,6,121,PG-13
404,HATE HANDICAP,2006,6,107,PG
405,HAUNTED ANTITRUST,2006,6,76,NC-17
406,HAUNTING PIANIST,1968,6,181,R
407,HAWK CHILL,1969,6,47,PG-13
408,HEAD STRANGER,1970,6,69,R
409,HEARTBREAKERS BRIGHT,1971,1,59,G
410,HEAVEN FREEDOM,1972,5,48,PG
411,HEAVENLY GUN,1973,5,49,NC-17
412,HEAVYWEIGHTS BEAST,1974,5,102,G
413,HEDWIG ALTER,1975,5,169,NC-17
414,HELLFIGHTERS SIERRA,1976,5,75,PG
415,HIGH ENCINO,1977,5,84,R
416,HIGHBALL POTTER,1978,5,110,R
417,HILLS NEIGHBORS,1979,5,93,G
418,HOBBIT ALIEN,1980,5,157,PG-13
419,HOCUS FRIDA,1981,5,141,G
420,HOLES BRANNIGAN,1982,5,128,PG
421,HOLIDAY GAMES,1983,5,78,PG-13
422,HOLLOW JEOPARDY,1984,5,136,NC-17
423,HOLLYWOOD ANONYMOUS,1985,5,69,PG
424,HOLOCAUST HIGHBALL,1986,5,149,R
425,HOLY TADPOLE,1987,5,88,R
426,HOME PITY,1988,5,185,R
427,HOMEWARD CIDER,1989,5,103,R
428,HOMICIDE PEACH,1990,5,141,PG-13
429,HONEY TIES,1991,5,84,R
430,HOOK CHARIOTS,1992,5,49,G
431,HOOSIERS BIRDCAGE,1993,5,176,G
432,HOPE TOOTSIE,1994,5,139,NC-17
433,HORN WORKING,1995,5,95,PG
434,HORROR REIGN,1996,5,139,R
435,HOTEL HAPPINESS,1997,5,181,PG-13
436,HOURS RAGE,1998,5,122,NC-17
437,HOUSE DYNAMITE,1999,5,109,R
438,HUMAN GRAFFITI,2000,5,68,NC-17
439,HUNCHBACK IMPOSSIBLE,2001,5,151,PG-13
440,HUNGER ROOF,2002,5,105,G
441,HUNTER ALTER,2003,5,125,PG-13
442,HUNTING MUSKETEERS,2004,5,65,NC-17
443,HURRICANE AFFAIR,2005,5,49,PG
444,HUSTLER PARTY,2006,5,83,NC-17
445,HYDE DOCTOR,2007,5,100,G
446,HYSTERICAL GRAIL,2008,5,150,PG
447,ICE CROSSING,2009,5,131,R
448,IDAHO LOVE,2010,5,172,PG-13
449,IDENTITY LOVER,2011,5,119,PG-13
450,IDOLS SNATCHERS,2012,5,84,NC-17
451,IGBY MAKER,2013,5,160,NC-17
452,ILLUSION AMELIE,2014,5,122,R
453,IMAGE PRINCESS,2015,5,178,PG-13
454,IMPACT ALADDIN,2016,5,180,PG-13
455,IMPOSSIBLE PREJUDICE,2017,5,103,NC-17
456,INCH JET,2018,5,167,NC-17
457,INDEPENDENCE HOTEL,2019,5,157,NC-17
458,INDIAN LOVE,2020,5,135,NC-17
459,INFORMER DOUBLE,2006,5,74,NC-17
460,INNOCENT USUAL,2006,5,178,PG-13
461,INSECTS STONE,2006,5,123,NC-17
462,INSIDER ARIZONA,2006,5,78,NC-17
463,INSTINCT AIRPORT,2006,5,116,PG
464,INTENTIONS EMPIRE,2006,5,107,PG-13
465,INTERVIEW LIAISONS,2006,5,59,R
466,INTOLERABLE INTENTIONS,1968,5,63,PG-13
467,INTRIGUE WORST,1969,5,181,G
468,INVASION CYCLONE,1970,5,97,PG
469,IRON MOON,1971,5,46,PG
470,ISHTAR ROCKETEER,1972,5,79,R
471,ISLAND EXORCIST,1973,5,84,NC-17
472,ITALIAN AFRICAN,1974,5,174,G
473,JACKET FRISCO,1975,5,181,PG-13
474,JADE BUNCH,1976,5,174,NC-17
475,JAPANESE RUN,1977,5,135,G
476,JASON TRAP,1978,5,130,NC-17
477,JAWBREAKER BROOKLYN,1979,5,118,PG
478,JAWS HARRY,1980,1,112,G
479,JEDI BENEATH,1981,1,128,PG
480,JEEPERS WEDDING,1982,1,84,R
481,JEKYLL FROGMEN,1983,1,58,PG
482,JEOPARDY ENCINO,1984,1,102,R
483,JERICHO MULAN,1985,1,171,NC-17
484,JERK PAYCHECK,1986,1,172,NC-17
485,JERSEY SASSY,1987,1,60,PG
486,JET NEIGHBORS,1988,1,59,R
487,JINGLE SAGEBRUSH,1989,1,124,PG-13
488,JOON NORTHWEST,1990,1,105,NC-17
489,JUGGLER HARDLY,1991,1,54,PG-13
490,JUMANJI BLADE,1992,1,121,G
491,JUMPING WRATH,1993,1,74,NC-17
492,JUNGLE CLOSER,1994,1,134,NC-17
493,KANE EXORCIST,1995,1,92,R
494,KARATE MOON,1996,1,120,PG-13
495,KENTUCKIAN GIANT,1997,1,169,PG
496,KICK SAVANNAH,1998,1,179,PG-13
497,KILL BROTHERHOOD,1999,1,54,G
498,KILLER INNOCENT,2000,1,161,R
499,KING EVOLUTION,2001,1,184,NC-17
500,KISS GLORY,2002,1,163,PG-13
501,KISSING DOLLS,2003,1,141,R
502,KNOCK WARLOCK,2004,1,71,PG-13
503,KRAMER CHOCOLATE,2005,1,171,R
504,KWAI HOMEWARD,2006,1,46,PG-13
505,LABYRINTH LEAGUE,2007,1,46,PG-13
506,LADY STAGE,2008,1,67,PG
507,LADYBUGS ARMAGEDDON,2009,1,113,NC-17
508,LAMBS CINCINATTI,2010,1,144,PG-13
509,LANGUAGE COWBOY,2011,1,78,NC-17
510,LAWLESS VISION,2012,1,181,G
511,LAWRENCE LOVE,2013,1,175,NC-17
512,LEAGUE HELLFIGHTERS,2014,1,110,PG-13
513,LEATHERNECKS DWARFS,2015,1,153,PG-13
514,LEBOWSKI SOLDIERS,2016,1,69,PG-13
515,LEGALLY SECRETARY,2017,1,113,PG
516,LEGEND JEDI,2018,1,59,PG
517,LESSON CLEOPATRA,2019,1,167,NC-17
518,LIAISONS SWEET,2020,1,140,PG
519,LIBERTY MAGNIFICENT,2006,1,138,G
520,LICENSE WEEKEND,2006,1,91,NC-17
521,LIES TREATMENT,2006,1,147,NC-17
522,LIFE TWISTED,2006,1,137,NC-17
523,LIGHTS DEER,1968,1,174,R
524,LION UNCUT,1969,1,50,PG
525,LOATHING LEGALLY,1970,2,140,R
526,LOCK REAR,1971,2,120,R
527,LOLA AGENT,1972,2,85,PG
528,LOLITA WORLD,1973,2,155,NC-17
529,LONELY ELEPHANT,1974,2,67,G
530,LORD ARIZONA,1975,2,108,PG-13
531,LOSE INCH,1976,2,137,R
532,LOSER HUSTLER,1977,2,80,PG
533,LOST BIRD,1978,2,98,PG-13
534,LOUISIANA HARRY,1979,2,70,PG-13
535,LOVE SUICIDES,1980,2,181,R
536,LOVELY JINGLE,1981,2,65,PG
537,LOVER TRUMAN,1982,2,75,G
538,LOVERBOY ATTACKS,1983,2,162,PG-13
539,LUCK OPUS,1984,2,152,NC-17
540,LUCKY FLYING,1985,1,97,PG-13
541,LUKE MUMMY,1986,1,74,NC-17
542,LUST LOCK,1987,1,52,G
543,MADIGAN DORADO,1988,1,116,R
544,MADISON TRAP,1989,1,147,R
545,MADNESS ATTACKS,1990,1,178,PG-13
546,MADRE GABLES,1991,1,98,PG-13
547,MAGIC MALLRATS,1992,1,117,PG
548,MAGNIFICENT CHITTY,1993,1,53,R
549,MAGNOLIA FORRESTER,1994,1,171,PG-13
550,MAGUIRE APACHE,1995,1,74,NC-17
551,MAIDEN HOME,1996,1,138,PG
552,MAJESTIC FLOATS,1997,1,130,PG
553,MAKER GABLES,1998,1,136,PG-13
554,MALKOVICH PET,1999,1,159,G
555,MALLRATS UNITED,2000,1,133,PG
556,MALTESE HOPE,2001,1,127,PG-13
557,MANCHURIAN CURTAIN,2002,1,177,PG
558,MANNEQUIN WORST,2003,1,71,PG-13
559,MARRIED GO,2004,3,114,G
560,MARS ROMAN,2005,3,62,NC-17
561,MASK PEACH,2006,3,123,NC-17
562,MASKED BUBBLE,2007,3,151,PG-13
563,MASSACRE USUAL,2008,3,165,R
564,MASSAGE IMAGE,2009,3,161,PG
565,MATRIX SNOWMAN,2010,3,56,PG-13
566,MAUDE MOD,2011,3,72,R
567,MEET CHOCOLATE,2012,3,80,G
568,MEMENTO ZOOLANDER,2013,3,77,NC-17
569,MENAGERIE RUSHMORE,2014,3,147,G
570,MERMAID INSECTS,2015,3,104,NC-17
571,METAL ARMAGEDDON,2016,3,161,PG-13
572,METROPOLIS COMA,2017,3,64,PG-13
573,MICROCOSMOS PARADISE,2018,3,105,PG-13
574,MIDNIGHT WESTWARD,2019,3,86,G
575,MIDSUMMER GROUNDHOG,2020,3,48,G
576,MIGHTY LUCK,2006,3,122,PG
577,MILE MULAN,2006,3,64,PG
578,MILLION ACE,2006,3,142,PG-13
579,MINDS TRUMAN,2006,3,149,PG-13
580,MINE TITANS,2006,1,166,PG-13
581,MINORITY KISS,2006,1,59,G
582,MIRACLE VIRTUAL,2006,1,162,PG-13
583,MISSION ZOOLANDER,2006,1,164,PG-13
584,MIXED DOORS,1968,1,180,PG-13
585,MOB DUFFEL,1969,1,105,G
586,MOCKINGBIRD HOLLYWOOD,1970,1,60,PG
587,MOD SECRETARY,1971,1,77,NC-17
588,MODEL FISH,1972,1,175,NC-17
589,MODERN DORADO,1973,1,74,PG
590,MONEY HAROLD,1974,1,135,PG
591,MONSOON CAUSE,1975,1,182,PG
592,MONSTER SPARTACUS,1976,1,107,PG
593,MONTEREY LABYRINTH,1977,1,158,G
594,MONTEZUMA COMMAND,1978,1,126,NC-17
595,MOON BUNCH,1979,1,83,PG
596,MOONSHINE CABIN,1980,1,171,PG-13
597,MOONWALKER FOOL,1981,1,184,G
598,MOSQUITO ARMAGEDDON,1982,1,57,G
599,MOTHER OLEANDER,1983,1,103,R
600,MOTIONS DETAILS,1984,1,166,PG
601,MOULIN WAKE,1985,1,79,PG-13
602,MOURNING PURPLE,1986,1,146,PG
603,MOVIE SHAKESPEARE,1987,1,53,PG
604,MULAN MOON,1988,1,160,G
605,MULHOLLAND BEAST,1989,1,157,PG
606,MUMMY CREATURES,1990,1,160,NC-17
607,MUPPET MILE,1991,1,50,PG
608,MURDER ANTITRUST,1992,1,166,PG
609,MUSCLE BRIGHT,1993,1,185,G
610,MUSIC BOONDOCK,1994,1,129,R
611,MUSKETEERS WAIT,1995,1,73,PG
612,MUSSOLINI SPOILERS,1996,1,180,G
613,MYSTIC TRUMAN,1997,1,92,NC-17
614,NAME DETECTIVE,1998,1,178,PG-13
615,NASH CHOCOLAT,1999,1,180,PG-13
616,NATIONAL STORY,2000,1,92,NC-17
617,NATURAL STOCK,2001,1,50,PG-13
618,NECKLACE OUTBREAK,2002,1,132,PG
619,NEIGHBORS CHARADE,2003,1,161,R
620,NEMO CAMPUS,2004,4,131,NC-17
621,NETWORK PEAK,2005,4,75,PG-13
622,NEWSIES STORY,2006,4,159,G
623,NEWTON LABYRINTH,2007,4,75,PG
624,NIGHTMARE CHILL,2008,4,149,PG
625,NONE SPIKING,2009,4,83,NC-17
626,NOON PAPI,2010,4,57,G
627,NORTH TEQUILA,2011,4,67,NC-17
628,NORTHWEST POLISH,2012,4,172,PG
629,NOTORIOUS REUNION,2013,4,128,NC-17
630,NOTTING SPEAKEASY,2014,4,48,PG-13
631,NOVOCAINE FLIGHT,2015,4,64,G
632,NUTS TIES,2016,4,145,NC-17
633,OCTOBER SUBMARINE,2017,4,54,PG-13
634,ODDS BOOGIE,2018,4,48,NC-17
635,OKLAHOMA JUMANJI,2019,4,58,PG
636,OLEANDER CLUE,2020,4,161,PG
637,OPEN AFRICAN,2006,4,131,PG
638,OPERATION OPERATION,2006,4,156,G
639,OPPOSITE NECKLACE,2006,4,92,PG
640,OPUS ICE,2006,4,102,R
641,ORANGE GRAPES,2006,4,76,PG-13
642,ORDER BETRAYED,2006,4,120,PG-13
643,ORIENT CLOSER,2006,4,118,R
644,OSCAR GOLD,1968,1,115,PG
645,OTHERS SOUP,1969,1,118,PG
646,OUTBREAK DIVINE,1970,1,169,NC-17
647,OUTFIELD MASSACRE,1971,1,129,NC-17
648,OUTLAW HANKY,1972,1,148,PG-13
649,OZ LIAISONS,1973,1,85,R
650,PACIFIC AMISTAD,1974,1,144,G
651,PACKER MADIGAN,1975,1,84,PG-13
652,PAJAMA JAWBREAKER,1976,1,126,R
653,PANIC CLUB,1977,1,102,G
654,PANKY SUBMARINE,1978,1,93,G
655,PANTHER REDS,1979,1,109,NC-17
656,PAPI NECKLACE,1980,1,128,PG
657,PARADISE SABRINA,1981,1,48,PG-13
658,PARIS WEEKEND,1982,1,121,PG-13
659,PARK CITIZEN,1983,1,109,PG-13
660,PARTY KNOCK,1984,1,107,PG
661,PAST SUICIDES,1985,1,157,PG-13
662,PATHS CONTROL,1986,1,118,PG
663,PATIENT SISTER,1987,1,99,NC-17
664,PATRIOT ROMAN,1988,1,65,PG
665,PATTON INTERVIEW,1989,1,175,PG
666,PAYCHECK WAIT,1990,1,145,PG-13
667,PEACH INNOCENT,1991,1,160,PG-13
668,PEAK FOREVER,1992,1,80,PG
669,PEARL DESTINY,1993,1,74,NC-17
670,PELICAN COMFORTS,1994,1,48,PG
671,PERDITION FARGO,1995,1,99,NC-17
672,PERFECT GROOVE,1996,1,82,PG-13
673,PERSONAL LADYBUGS,1997,1,118,PG-13
674,PET HAUNTING,1998,1,99,PG
675,PHANTOM GLORY,1999,1,60,NC-17
676,PHILADELPHIA WIFE,2000,1,137,PG-13
677,PIANIST OUTFIELD,2001,1,136,NC-17
678,PICKUP DRIVING,2002,1,77,G
679,PILOT HOOSIERS,2003,1,50,PG
680,PINOCCHIO SIMON,2004,1,103,PG
681,PIRATES ROXANNE,2005,1,100,PG
682,PITTSBURGH HUNCHBACK,2006,1,134,PG-13
683,PITY BOUND,2007,1,60,NC-17
684,PIZZA JUMANJI,2008,1,173,NC-17
685,PLATOON INSTINCT,2009,1,132,PG-13
686,PLUTO OLEANDER,2010,1,84,R
687,POCUS PULP,2011,4,138,NC-17
688,POLISH BROOKLYN,2012,5,61,PG
689,POLLOCK DELIVERANCE,2013,1,137,PG
690,POND SEATTLE,2014,6,185,PG-13
691,POSEIDON FOREVER,2015,1,159,PG-13
692,POTLUCK MIXED,2016,1,179,G
693,POTTER CONNECTICUT,2017,6,115,PG
694,PREJUDICE OLEANDER,2018,1,98,PG-13
695,PRESIDENT BANG,2019,1,144,PG
696,PRIDE ALAMO,2020,6,114,NC-17
697,PRIMARY GLASS,2006,6,53,G
698,PRINCESS GIANT,2006,6,71,NC-17
699,PRIVATE DROP,2006,6,106,PG
700,PRIX UNDEFEATED,1968,6,115,R
701,PSYCHO SHRUNK,1969,6,155,PG-13
702,PULP BEVERLY,1970,4,89,G
703,PUNK DIVORCE,1971,5,100,PG
704,PURE RUNNER,1972,1,121,NC-17
705,PURPLE MOVIE,1973,1,88,R
706,QUEEN LUKE,1974,1,163,PG
707,QUEST MUSSOLINI,1975,1,177,R
708,QUILLS BULL,1976,1,112,R
709,RACER EGG,1977,1,147,NC-17
710,RAGE GAMES,1978,1,120,R
711,RAGING AIRPLANE,1979,1,154,R
712,RAIDERS ANTITRUST,1980,1,82,PG-13
713,RAINBOW SHOCK,1981,1,74,PG
714,RANDOM GO,1982,1,73,NC-17
715,RANGE MOONWALKER,1983,1,147,PG
716,REAP UNFAITHFUL,1984,1,136,PG-13
717,REAR TRADING,1985,1,97,NC-17
718,REBEL AIRPORT,1986,1,73,G
719,RECORDS ZORRO,1987,1,182,PG
720,REDEMPTION COMFORTS,1988,1,179,NC-17
721,REDS POCUS,1989,1,182,PG-13
722,REEF SALUTE,1990,1,123,NC-17
723,REIGN GENTLEMEN,1991,1,82,PG-13
724,REMEMBER DIARY,1992,1,110,R
725,REQUIEM TYCOON,1993,1,167,R
726,RESERVOIR ADAPTATION,1994,1,61,PG-13
727,RESURRECTION SILVERADO,1995,1,117,PG
728,REUNION WITCHES,1996,1,63,R
729,RIDER CADDYSHACK,1997,1,177,PG
730,RIDGEMONT SUBMARINE,1998,3,46,PG-13
731,RIGHT CRANES,1999,3,153,PG-13
732,RINGS HEARTBREAKERS,2000,3,58,G
733,RIVER OUTLAW,2001,3,149,PG-13
734,ROAD ROXANNE,2002,3,158,R
735,ROBBERS JOON,2003,3,102,PG-13
736,ROBBERY BRIGHT,2004,3,134,R
737,ROCK INSTINCT,2005,3,102,G
738,ROCKETEER MOTHER,2006,3,178,PG-13
739,ROCKY WAR,2007,3,145,PG-13
740,ROLLERCOASTER BRINGING,2008,3,153,PG-13
741,ROMAN PUNK,2009,3,81,NC-17
742,ROOF CHAMPION,2010,3,101,R
743,ROOM ROMAN,2011,3,60,PG
744,ROOTS REMEMBER,2012,3,89,PG-13
745,ROSES TREASURE,2013,3,162,PG-13
746,ROUGE SQUAD,2014,3,118,NC-17
747,ROXANNE REBEL,2015,3,171,R
748,RUGRATS SHAKESPEARE,2016,3,109,PG-13
749,RULES HUMAN,2017,3,153,R
750,RUN PACIFIC,2018,3,145,R
751,RUNAWAY TENENBAUMS,2019,3,181,NC-17
752,RUNNER MADIGAN,2020,3,101,NC-17
753,RUSH GOODFELLAS,2006,1,48,PG
754,RUSHMORE MERMAID,2006,1,150,PG-13
755,SABRINA MIDNIGHT,2006,1,99,PG
756,SADDLE ANTITRUST,2006,1,80,PG-13
757,SAGEBRUSH CLUELESS,2006,1,106,G
758,SAINTS BRIDE,2006,1,125,G
759,SALUTE APOLLO,2006,1,73,R
760,SAMURAI LION,2006,1,110,G
761,SANTA PARIS,2006,1,154,PG
762,SASSY PACKER,2006,1,154,G
763,SATISFACTION CONFIDENTIAL,2006,1,75,G
764,SATURDAY LAMBS,2006,1,150,G
765,SATURN NAME,2006,1,182,R
766,SAVANNAH TOWN,1968,1,84,PG-13
767,SCALAWAG DUCK,1969,1,183,NC-17
768,SCARFACE BANG,1970,1,102,PG-13
769,SCHOOL JACKET,1971,1,151,PG-13
770,SCISSORHANDS SLUMS,1972,1,147,G
771,SCORPION APOLLO,1973,1,137,NC-17
772,SEA VIRGIN,1974,1,80,PG
773,SEABISCUIT PUNK,1975,1,112,NC-17
774,SEARCHERS WAIT,1976,1,182,NC-17
775,SEATTLE EXPECATIONS,1977,1,110,PG-13
776,SECRET GROUNDHOG,1978,1,90,PG
777,SECRETARY ROUGE,1979,1,158,PG
778,SECRETS PARADISE,1980,1,109,G
779,SENSE GREEK,1981,1,54,R
780,SENSIBILITY REAR,1982,1,98,PG
781,SEVEN SWARM,1983,1,127,R
782,SHAKESPEARE SADDLE,1984,1,60,PG-13
783,SHANE DARKNESS,1985,1,93,PG
784,SHANGHAI TYCOON,1986,1,47,PG
785,SHAWSHANK BUBBLE,1987,1,80,PG
786,SHEPHERD MIDSUMMER,1988,1,113,R
787,SHINING ROSES,1989,1,125,G
788,SHIP WONDERLAND,1990,1,104,R
789,SHOCK CABIN,1991,1,79,PG-13
790,SHOOTIST SUPERFLY,1992,1,67,PG-13
791,SHOW LORD,1993,1,167,PG-13
792,SHREK LICENSE,1994,1,154,PG-13
793,SHRUNK DIVINE,1995,1,139,R
794,SIDE ARK,1996,1,52,G
795,SIEGE MADRE,1997,1,111,R
796,SIERRA DIVIDE,1998,1,135,NC-17
797,SILENCE KANE,1999,1,67,R
798,SILVERADO GOLDFINGER,2000,1,74,PG
799,SIMON NORTH,2001,1,51,NC-17
800,SINNERS ATLANTIS,2002,1,126,PG-13
801,SISTER FREDDY,2003,1,152,PG-13
802,SKY MIRACLE,2004,1,132,PG
803,SLACKER LIAISONS,2005,1,179,R
804,SLEEPING SUSPECTS,2006,1,129,PG-13
805,SLEEPLESS MONSOON,2007,1,64,G
806,SLEEPY JAPANESE,2008,1,137,PG
807,SLEUTH ORIENT,2009,1,87,NC-17
808,SLING LUKE,2010,1,84,R
809,SLIPPER FIDELITY,2011,1,156,PG-13
810,SLUMS DUCK,2012,1,147,PG
811,SMILE EARRING,2013,1,60,G
812,SMOKING BARBARELLA,2014,1,50,PG-13
813,SMOOCHY CONTROL,2015,1,184,R
814,SNATCH SLIPPER,2016,1,110,PG
815,SNATCHERS MONTEZUMA,2017,1,74,PG-13
816,SNOWMAN ROLLERCOASTER,2018,1,62,G
817,SOLDIERS EVOLUTION,2019,1,185,R
818,SOMETHING DUCK,2020,1,180,NC-17
819,SONG HEDWIG,2006,1,165,PG-13
820,SONS INTERVIEW,1968,1,184,NC-17
821,SORORITY QUEEN,1969,1,184,NC-17
822,SOUP WISDOM,1970,1,169,R
823,SOUTH WAIT,1971,1,143,R
824,SPARTACUS CHEAPER,1972,1,52,NC-17
825,SPEAKEASY DATE,1973,1,165,PG-13
826,SPEED SUIT,1974,1,124,PG-13
827,SPICE SORORITY,1975,1,141,NC-17
828,SPIKING ELEMENT,1976,1,79,G
829,SPINAL ROCKY,1977,1,138,PG-13
830,SPIRIT FLINTSTONES,1978,1,149,R
831,SPIRITED CASUALTIES,1979,1,138,PG-13
832,SPLASH GUMP,1980,1,175,PG
833,SPLENDOR PATTON,1981,1,134,R
834,SPOILERS HELLFIGHTERS,1982,1,151,G
835,SPY MILE,1983,1,112,PG-13
836,SQUAD FISH,1984,1,136,PG
837,STAGE WORLD,1985,1,85,PG
838,STAGECOACH ARMAGEDDON,1986,1,112,R
839,STALLION SUNDANCE,1987,1,130,PG-13
840,STAMPEDE DISTURBING,1988,1,75,R
841,STAR OPERATION,1989,1,181,PG
842,STATE WASTELAND,1990,1,113,NC-17
843,STEEL SANTA,1991,1,143,NC-17
844,STEERS ARMAGEDDON,1992,1,140,PG
845,STEPMOM DREAM,1993,1,48,NC-17
846,STING PERSONAL,1994,1,93,NC-17
847,STOCK GLASS,1995,1,160,PG
848,STONE FIRE,1996,1,94,G
849,STORM HAPPINESS,1997,1,57,NC-17
850,STORY SIDE,1998,2,163,R
851,STRAIGHT HOURS,1999,2,151,R
852,STRANGELOVE DESIRE,2000,2,103,NC-17
853,STRANGER STRANGERS,2001,2,139,G
854,STRANGERS GRAFFITI,2002,2,119,R
855,STREAK RIDGEMONT,2003,2,132,PG-13
856,STREETCAR INTENTIONS,2004,2,73,R
857,STRICTLY SCARFACE,2005,2,144,PG-13
858,SUBMARINE BED,2006,2,127,R
859,SUGAR WONKA,2007,2,114,PG
860,SUICIDES SILENCE,2008,2,93,G
861,SUIT WALLS,2009,2,111,R
862,SUMMER SCARFACE,2010,2,53,G
863,SUN CONFESSIONS,2011,2,141,R
864,SUNDANCE INVASION,2012,2,92,NC-17
865,SUNRISE LEAGUE,2013,2,135,PG-13
866,SUNSET RACER,2014,2,48,NC-17
867,SUPER WYOMING,2015,2,58,PG
868,SUPERFLY TRIP,2016,2,114,PG
869,SUSPECTS QUILLS,2017,2,47,PG
870,SWARM GOLD,2018,2,123,PG-13
871,SWEDEN SHINING,2019,2,176,PG
872,SWEET BROTHERHOOD,2020,2,185,R
873,SWEETHEARTS SUSPECTS,2006,2,108,G
874,TADPOLE PARK,2006,2,155,PG
875,TALENTED HOMICIDE,2006,2,173,PG
876,TARZAN VIDEOTAPE,2006,2,91,PG-13
877,TAXI KICK,2006,1,64,PG-13
878,TEEN APOLLO,1968,1,74,G
879,TELEGRAPH VOYAGE,1969,1,148,PG
880,TELEMARK HEARTBREAKERS,1970,1,152,PG-13
881,TEMPLE ATTRACTION,1971,1,71,PG
882,TENENBAUMS COMMAND,1972,1,99,PG-13
883,TEQUILA PAST,1973,1,53,PG
884,TERMINATOR CLUB,1974,1,88,R
885,TEXAS WATCH,1975,1,179,NC-17
886,THEORY MERMAID,1976,1,184,PG-13
887,THIEF PELICAN,1977,3,135,PG-13
888,THIN SAGEBRUSH,1978,3,53,PG-13
889,TIES HUNGER,1979,3,111,R
890,TIGHTS DAWN,1980,3,172,R
891,TIMBERLAND SKY,1981,3,69,G
892,TITANIC BOONDOCK,1982,3,104,R
893,TITANS JERK,1983,3,91,PG
894,TOMATOES HELLFIGHTERS,1984,3,68,PG
895,TOMORROW HUSTLER,1985,3,142,R
896,TOOTSIE PILOT,1986,3,157,PG
897,TORQUE BOUND,1987,3,179,G
898,TOURIST PELICAN,1988,3,152,PG-13
899,TOWERS HURRICANE,1989,3,144,NC-17
900,TOWN ARK,1990,3,136,R
901,TRACY CIDER,1991,3,142,G
902,TRADING PINOCCHIO,1992,3,170,PG
903,TRAFFIC HOBBIT,1993,3,139,G
904,TRAIN BUNCH,1994,3,71,R
905,TRAINSPOTTING STRANGERS,1995,3,132,PG-13
906,TRAMP OTHERS,1996,3,171,PG
907,TRANSLATION SUMMER,1997,3,168,PG-13
908,TRAP GUYS,1998,3,110,G
909,TREASURE COMMAND,1999,3,102,PG-13
910,TREATMENT JEKYLL,2000,3,87,PG
911,TRIP NEWTON,2001,3,64,PG-13
912,TROJAN TOMORROW,2002,1,52,PG
913,TROOPERS METAL,2003,1,115,R
914,TROUBLE DATE,2004,1,61,PG
915,TRUMAN CRAZY,2005,1,92,G
916,TURN STAR,2006,1,80,G
917,TUXEDO MILE,2007,1,152,R
918,TWISTED PIRATES,2008,1,152,PG
919,TYCOON GATHERING,2009,1,82,G
920,UNBREAKABLE KARATE,2010,1,62,G
921,UNCUT SUICIDES,2011,1,172,PG-13
922,UNDEFEATED DALMATIONS,2012,1,107,PG-13
923,UNFAITHFUL KILL,2013,1,78,R
924,UNFORGIVEN ZOOLANDER,2014,1,129,PG
925,UNITED PILOT,2015,1,164,R
926,UNTOUCHABLES SUNRISE,2016,1,120,NC-17
927,UPRISING UPTOWN,2017,1,174,NC-17
928,UPTOWN YOUNG,2018,1,84,PG
929,USUAL UNTOUCHABLES,2019,1,128,PG-13
930,VACATION BOONDOCK,2020,1,145,R
931,VALENTINE VANISHING,1968,1,48,PG-13
932,VALLEY PACKER,1969,1,73,G
933,VAMPIRE WHALE,1970,1,126,NC-17
934,VANILLA DAY,1971,1,122,NC-17
935,VANISHED GARDEN,1972,1,142,R
936,VANISHING ROCKY,1973,1,123,NC-17
937,VARSITY TRIP,1974,1,85,NC-17
938,VELVET TERMINATOR,1975,1,173,R
939,VERTIGO NORTHWEST,1976,1,90,R
940,VICTORY ACADEMY,1977,1,64,PG-13
941,VIDEOTAPE ARSENIC,1978,1,145,NC-17
942,VIETNAM SMOOCHY,1979,5,174,PG-13
943,VILLAIN DESPERATE,1980,5,76,PG-13
944,VIRGIN DAISY,1981,5,179,PG-13
945,VIRGINIAN PLUTO,1982,5,164,R
946,VIRTUAL SPOILERS,1983,5,144,NC-17
947,VISION TORQUE,1984,5,59,PG-13
948,VOICE PEACH,1985,5,139,PG-13
949,VOLCANO TEXAS,1986,5,157,NC-17
950,VOLUME HOUSE,1987,5,132,PG
951,VOYAGE LEGALLY,1988,1,78,PG-13
952,WAGON JAWS,1989,1,152,PG
953,WAIT CIDER,1990,1,112,PG-13
954,WAKE JAWS,1991,1,73,G
955,WALLS ARTIST,1992,1,135,PG
956,WANDA CHAMBER,1993,1,107,PG-13
957,WAR NOTTING,1994,1,80,G
958,WARDROBE PHANTOM,1995,1,178,G
959,WARLOCK WEREWOLF,1996,1,83,G
960,WARS PLUTO,1997,1,128,G
961,WASH HEAVENLY,1998,1,161,R
962,WASTELAND DIVINE,1999,1,85,PG
963,WATCH TRACY,2000,1,78,PG
964,WATERFRONT DELIVERANCE,2001,1,61,G
965,WATERSHIP FRONTIER,2002,1,112,G
966,WEDDING APOLLO,2003,1,70,PG
967,WEEKEND PERSONAL,2004,1,134,R
968,WEREWOLF LOLA,2005,1,79,G
969,WEST LION,2006,6,159,G
970,WESTWARD SEABISCUIT,2007,6,52,NC-17
971,WHALE BIKINI,2008,6,109,PG-13
972,WHISPERER GIANT,2009,6,59,PG-13
973,WIFE TURN,2010,6,183,NC-17
974,WILD APOLLO,2011,6,181,R
975,WILLOW TRACY,2012,6,137,R
976,WIND PHANTOM,2013,6,111,R
977,WINDOW SIDE,2014,6,85,R
978,WISDOM WORKER,2015,6,98,R
979,WITCHES PANIC,2016,6,100,NC-17
980,WIZARD COLDBLOODED,2017,6,75,PG
981,WOLVES DESIRE,2018,6,55,NC-17
982,WOMEN DORADO,2019,6,126,R
983,WON DARES,2020,6,105,PG
984,WONDERFUL DROP,2006,6,126,NC-17
985,WONDERLAND CHRISTMAS,2006,6,111,PG
986,WONKA SEA,2006,6,85,NC-17
987,WORDS HUNTER,2006,6,116,PG
988,WORKER TARZAN,2006,6,139,R
989,WORKING MICROCOSMOS,1999,6,74,R
990,WORLD LEATHERNECKS,2015,6,171,PG-13
991,WORST BANGER,2019,6,185,PG
992,WRATH MILE,2018,6,176,NC-17
993,WRONG BEHAVIOR,2006,6,178,PG-13
994,WYOMING STORM,1999,1,100,PG-13
995,YENTL IDAHO,2015,1,86,R
996,YOUNG LANGUAGE,2019,1,183,G
997,YOUTH KICK,2018,1,179,NC-17
998,ZHIVAGO CORE,2006,1,105,NC-17
999,ZOOLANDER FICTION,2006,1,101,R
1000,ZORRO ARK,2006,1,50,NC-17
