customer_ID,payment_ID,cust_first_name,cust_surname,cust_address,cust_tel_no,cust_email_address,cust_payment_preference
1,2837,Patrick,Moore,"48436 Dorothy Burgs Suite 368
South Charlesshire, FL 44813",1514248285,iadams@zamora.net,Bank Transfer
2,3964,Joshua,Cruz,"04656 Bowman Junction Apt. 604
South Lisa, NH 20301",4559047182,jacquelinewatson@hotmail.com,Credit Card
3,17223,David,Schultz,"USCGC Smith
FPO AA 67962",6877621512,davissean@gmail.com,Google Pay
4,20836,Jacqueline,Mann,"022 Rachel Wall
North Kimberlyville, MA 59958",2557268494,imorrow@richardson.org,Google Pay
5,23564,Julie,Best,"86025 Washington Spurs Apt. 263
Lake Christophermouth, LA 22562",3771193380,peterallen@brown.com,Debit Card
6,30528,Cindy,Johnson,"962 Stephanie Forges Suite 592
Davidside, CT 07625",6847672235,gillkathleen@stark.info,Bank Transfer
7,36667,Christopher,Lynch,"5727 Rhonda Lane Suite 191
East Albert, ME 03521",1423754823,lbrown@wilcox-taylor.com,Credit Card
8,64425,Darrell,Preston,"231 Carter Groves Apt. 914
Port Andrewville, NV 12702",9504674575,kinglisa@gmail.com,Credit Card
9,65201,Thomas,Lewis,"9972 Wheeler Roads
Cowanfort, NJ 38765",6804233214,jessica03@hotmail.com,PayPal
10,104306,Ann,Serrano,"05598 Anthony Center Apt. 750
South Timothybury, ME 82518",5811422340,kevin29@gmail.com,Google Pay
11,141468,Anna,Nelson,"1519 Anderson Shoal
South Stacyview, SD 68166",5770142648,zachary94@gmail.com,Debit Card
12,192997,William,Flores,"9925 Hinton Drive Apt. 943
North Robertchester, MO 41062",8608789073,hardingdiana@harper.com,Apple Pay
13,207333,Jessica,Clark,"173 Richardson Views Apt. 684
South Audreyborough, MI 79613",7500103540,jeffrey20@yahoo.com,Debit Card
14,210595,Christopher,Richards,"8992 Eugene Trafficway
Port Jennifer, NJ 69742",3106342485,crobertson@gmail.com,Bank Transfer
15,213401,John,Lopez,"126 Johnson Parks Suite 540
Bryantside, CA 78238",1139158925,dmendez@hotmail.com,Google Pay
16,267832,Virginia,Rowland,"72486 Steven Square
Port Andrew, NJ 40766",8520720654,pdodson@hotmail.com,Bank Transfer
17,315995,Olivia,Hayes,"8097 Carol Plain Suite 834
Katiefort, OH 29501",9455458505,ruizjames@gmail.com,Bank Transfer
18,330802,Sharon,Bowman,"62021 Deborah Route Apt. 380
Holmesland, SC 08289",9445083860,melissaclark@hotmail.com,PayPal
19,351025,Katie,Carpenter,"318 Mills Flat
Kellystad, MD 28311",4538397491,nbutler@yahoo.com,Debit Card
20,359011,Kelly,Jones,"1730 Karen Circle Suite 045
Martinland, KS 54199",7976856084,fanderson@williams-horn.net,Bank Transfer
21,369160,John,Carter,"347 Richard Creek
Lake Rhonda, SD 68585",9163994751,kellifrazier@hotmail.com,Debit Card
22,383070,Joshua,Powell,"6369 John Knolls
Jasonhaven, MO 10966",8896321040,jessicacameron@hotmail.com,Google Pay
23,388134,Lisa,Owen,"56139 Choi Garden
Conniemouth, AR 98980",8226875823,bethany58@hall-harrison.info,Debit Card
24,398307,Tony,Fisher,"PSC 2883, Box 4892
APO AE 79927",1040516125,kayla48@martin.net,PayPal
25,400671,Nicholas,Lane,"Unit 7373 Box 6593
DPO AP 51423",4406535315,angelawalters@hotmail.com,Credit Card
26,404637,Brianna,Ruiz,"045 Crawford Crescent Suite 811
East Michelle, MD 35819",5555455342,ylutz@miller-terry.com,Bank Transfer
27,442376,Donna,Bautista,"8568 Maldonado Manors
West Kimberlystad, NM 10603",6652984351,jamesellis@yahoo.com,Debit Card
28,445855,Mary,Mcmahon,"7030 Justin Camp
Mclaughlinport, FL 34245",1153486137,ujones@yahoo.com,Debit Card
29,477842,Joshua,Hogan,"54924 Darren Walk Suite 302
Ruthchester, CA 17175",9822862656,ehouston@perkins-valencia.info,Bank Transfer
30,506592,Kimberly,Thomas,"15580 Warner Lights
Lake Nicholas, AK 46339",2874771026,ericswanson@yahoo.com,Credit Card
31,535567,Juan,Miller,"34068 Wilson Key Apt. 457
Port Tina, WI 06002",8497177307,johnny63@juarez.com,Bank Transfer
32,562873,Timothy,Gates,"1074 Sanders Dam
Choitown, PA 66457",2553150211,jmoody@contreras.com,Google Pay
33,612284,Dana,Porter,"00429 Brooke Lake Suite 985
Nicholasview, ND 16513",1935189023,whitejessica@kelley-smith.com,Apple Pay
34,619102,Thomas,Rodriguez,"3792 April Ville
Joneschester, AZ 31617",9514245565,robinsonkimberly@fuller-reyes.org,PayPal
35,650049,Kevin,Terry,"7713 Alexis Road
Paceside, NY 50355",2705453557,ortegalauren@yahoo.com,Apple Pay
36,685779,Ashley,Cardenas,"592 Robinson Way
Rhodesburgh, CO 74406",4989201582,samuel56@williams.com,Google Pay
37,692402,Monica,Hester,"170 Karen Villages
New Jason, DC 46714",1731063971,harrisonpatty@yahoo.com,PayPal
38,705707,Jasmine,Jones,"7938 Jonathan Divide Suite 644
Byrdshire, OK 06942",7142957541,cory01@yahoo.com,Apple Pay
39,707478,Tammy,Li,"USCGC Campos
FPO AA 49064",8512384819,eduardodennis@yahoo.com,Debit Card
40,744882,Sean,Singh,"51398 Clark Ramp
Hayneston, KS 54695",5600989557,mbradley@richards-green.com,PayPal
,,,,,,,PayPal
,,,,,,,Credit Card
,,,,,,,Apple Pay
,,,,,,,Debit Card
,,,,,,,Google Pay
,,,,,,,Google Pay
,,,,,,,Google Pay
,,,,,,,Credit Card
,,,,,,,Credit Card
,,,,,,,Bank Transfer
